mercadona,Supermercado
dia,Supermercado
supersol,Supermercado
primor,Supermercado
carrefour,Supermercado
farmacia,Supermercado
primark,Hogar
Reintegro cajero,Reintegro
Traspaso,Traspasos
dunnes stores,Hogar
united colors of,Hogar
Hersan,Hogar
STRADIVARIUS,Hogar
Misako,Hogar
colegio de abogados,Seguros
apertura depósito,Depósitos
Sprinter,Hogar
Pepemobile,Suministros
Jazz,Suministros
Telefonica,Suministros
Nomina,Ingresos
Deportivas,Hogar
municipal aguas,Suministros
iberdrola,Suministros
cortefiel,Hogar
Nómina,Ingresos
Liquidacion Periodica,Hipoteca-Impuestos
Recibo altos de,Hipoteca-Impuestos
Intereses,Intereses
fnac,Hogar
abono por domi,Intereses
Asistencia Sanitaria,Seguros
Malaga Nostrum,Hogar
seguros y reaseguros,Seguros
abono depósito,Depósitos
Transferencia recibida,Ingresos
Sfera,Hogar
gran chollo,Hogar
econi,Hogar
dealextreme,Hogar
teatinos malaga,Hogar
Amazon,Hogar
eroski velez,Hogar
E. S. CONSUL,Hogar
kiabi,Hogar
imposivl,Hogar
fosters,Hogar
DEICHMANN,Hogar
deifontes,Hogar
bodybell,Hogar
wolters,Hogar
centro medico,Hogar
Franju,Hogar
Transferencia SEPA,Seguros
RECIBO DE ALTOS DE TEATINOS,Hipoteca-Impuestos
MUTUA PREVISIO,Seguros
PUNT ROMA,Hogar
ES GPV EL ALMENDRALES,Hogar
ZARA,Hogar
N60AY. MALAGA,Hipoteca-Impuestos
CARLOS CHAPARRO,Hogar
MALAGA BOLSA,Hogar
Abono GALP,Intereses
E.S. GALPGEST,Hogar
DISPOSICION EFECTIVO,Reintegro
C A MODAS,Hogar
MAPAS LIBROS Y AVENTURA,Hogar
OPTICA DURAN,Hogar
Transferencia emitida,Traspasos
AYUNTAMIENTO DE MALAGA,Hipoteca-Impuestos
RECIBO DE AYTO. DE MALAGA,Hipoteca-Impuestos
